Quantitativi di rifiuti speciali importati per regione - 2019 (ISPRA);
	Regione;Anno;Rifiuti non pericolosi(t);Rifiuti pericolosi (t);Totale(t)
PIEMONTE;2019;         186.273;          10.663;         196.936;
VALLE D'AOSTA;2019;              13;               0;              13;
LOMBARDIA;2019;       3.890.823;          23.678;       3.914.501;
TRENTINO ALTO ADIGE;2019;         148.240;               1;         148.241;
VENETO;2019;         367.307;             306;         367.613;
FRIULI VENEZIA GIULIA;2019;       1.928.200;             107;       1.928.307;
LIGURIA;2019;          28.222;               0;          28.222;
EMILIA ROMAGNA;2019;         317.340;             276;         317.615;
TOSCANA;2019;          22.221;           2.263;          24.484;
UMBRIA;2019;             585;               0;             585;
MARCHE;2019;          52.176;              24;          52.200;
LAZIO;2019;           3.228;               0;           3.228;
ABRUZZO;2019;           3.548;               0;           3.548;
CAMPANIA;2019;           9.961;              16;           9.977;
PUGLIA;2019;             369;               0;             369;
BASILICATA;2019;           9.035;               0;           9.035;
CALABRIA;2019;              25;              12;              38;
SICILIA;2019;               0;             221;             221;
SARDEGNA;2019;              18;          67.983;          68.001;
Italia;2019;       6.967.582;         105.551;       7.073.133;

Quantitativi di rifiuti speciali importati per Paese di provenienza - 2019 (ISPRA);
	Paese;Anno;Rifiuti non pericolosi(t);Rifiuti pericolosi (t);Totale(t)
AFGHANISTAN;2019;           3.084,0;              34,0;           3.118,0;
ALBANIA;2019;           3.835,7;               0,0;           3.835,7;
ALGERIA;2019;               0,0;               0,0;               0,0;
ARABIA SAUDITA;2019;           3.346,7;               0,0;           3.346,7;
ARMENIA;2019;              39,2;               0,0;              39,2;
AUSTRALIA;2019;           1.036,4;               0,0;           1.036,4;
AUSTRIA;2019;         742.856,9;             841,9;         743.698,8;
BANGLADESH;2019;             228,4;               0,0;             228,4;
BELGIO;2019;          31.877,4;             265,8;          32.143,3;
BOLIVIA;2019;             127,5;               0,0;             127,5;
BOSNIA-ERZEGOVINA;2019;          13.692,0;              55,3;          13.747,3;
BRASILE;2019;             752,0;               0,0;             752,0;
BRUNEI DARUSSALAM;2019;             173,6;               0,0;             173,6;
BULGARIA;2019;          24.855,1;               0,0;          24.855,1;
CANADA;2019;           7.182,7;               0,0;           7.182,7;
CAPO VERDE;2019;              23,5;               0,0;              23,5;
CILE;2019;             147,4;               0,0;             147,4;
CINA;2019;           1.309,3;               0,0;           1.309,3;
CIPRO;2019;           1.039,4;               6,4;           1.045,9;
COLOMBIA;2019;             182,2;               0,0;             182,2;
COREA DEL SUD;2019;              43,4;               0,0;              43,4;
COSTA D?AVORIO;2019;             937,0;              11,7;             948,7;
COSTA RICA;2019;              36,0;               0,0;              36,0;
CROAZIA;2019;         175.209,6;              33,1;         175.242,7;
DANIMARCA;2019;           5.870,2;              21,9;           5.892,1;
ECUADOR;2019;             269,9;               0,0;             269,9;
EGITTO;2019;              45,0;               0,0;              45,0;
EIRE;2019;           1.799,4;               0,0;           1.799,4;
EMIRATI ARABI UNITI;2019;           9.635,9;             261,5;           9.897,4;
ESTONIA;2019;             128,7;               0,0;             128,7;
FEDERAZIONE RUSSA;2019;           2.052,0;               0,0;           2.052,0;
FINLANDIA;2019;             307,4;               0,0;             307,4;
FRANCIA;2019;       1.058.893,4;          16.815,2;       1.075.708,6;
GABON;2019;             109,6;               0,0;             109,6;
GEORGIA;2019;           4.587,9;              21,9;           4.609,8;
GERMANIA;2019;       1.943.956,2;          10.150,3;       1.954.106,6;
GHANA;2019;           2.031,2;              29,5;           2.060,7;
GIORDANIA;2019;           2.076,7;               0,0;           2.076,7;
GRECIA;2019;           5.760,0;          20.453,3;          26.213,3;
GUADALUPA;2019;              91,8;               0,0;              91,8;
GUATEMALA;2019;             129,6;               0,0;             129,6;
GUINEA;2019;             259,2;               0,0;             259,2;
HONG KONG;2019;           1.288,4;               7,0;           1.295,5;
INDIA;2019;             292,6;               0,0;             292,6;
INDONESIA;2019;              21,4;               0,0;              21,4;
ISOLE CAYMAN;2019;               0,0;               2,0;               2,0;
ISOLE MARSHALL;2019;               0,0;               0,6;               0,6;
ISOLE VERGINI BRITANNICHE;2019;              15,6;               1,6;              17,2;
ISRAELE;2019;           6.176,1;               0,0;           6.176,1;
KAZAKHISTAN;2019;               0,0;              68,0;              68,0;
KENYA;2019;               0,9;               5,4;               6,3;
KUWAIT;2019;              44,2;               0,0;              44,2;
LETTONIA;2019;             791,6;               0,0;             791,6;
LIBANO;2019;           6.246,4;               0,0;           6.246,4;
LIBIA;2019;           1.505,8;               0,0;           1.505,8;
LIECHTENSTEIN;2019;           6.122,8;               0,0;           6.122,8;
LITUANIA;2019;             835,1;             214,5;           1.049,5;
LUSSEMBURGO;2019;           2.122,3;               0,0;           2.122,3;
MACEDONIA;2019;           1.634,8;               0,0;           1.634,8;
MALESIA;2019;             851,6;               0,0;             851,6;
MALTA;2019;           1.802,0;             467,2;           2.269,2;
MAROCCO;2019;           1.081,8;               0,0;           1.081,8;
MARTINICA;2019;             571,0;               0,0;             571,0;
MAURITANIA;2019;              40,6;               0,0;              40,6;
MESSICO;2019;             634,8;               0,0;             634,8;
MOLDAVIA;2019;             510,9;               0,0;             510,9;
MONACO;2019;           9.507,6;             765,4;          10.273,0;
NICARAGUA;2019;              69,6;               0,0;              69,6;
NIGERIA;2019;             303,4;              53,4;             356,8;
NORVEGIA;2019;             666,4;               0,0;             666,4;
NUOVA ZELANDA;2019;              61,9;               0,0;              61,9;
OMAN;2019;              70,3;               0,0;              70,3;
PAESI BASSI;2019;          69.000,2;           7.661,5;          76.661,6;
PAKISTAN;2019;              32,1;               0,0;              32,1;
PANAMA;2019;              23,4;               0,0;              23,5;
PAPUA NUOVA GUINEA;2019;             166,8;               0,0;             166,8;
PERU;2019;             345,2;               0,0;             345,2;
POLONIA;2019;          81.322,5;             230,4;          81.552,9;
PORTOGALLO;2019;           1.222,2;              22,5;           1.244,6;
REGNO UNITO;2019;          40.453,3;          13.426,7;          53.880,0;
REPUBBLICA CECA;2019;         389.244,6;               2,4;         389.247,0;
REPUBBLICA DEL CONGO;2019;           1.589,0;               0,0;           1.589,0;
REPUBBLICA DOMINICANA;2019;             140,8;               0,0;             140,8;
ROMANIA;2019;          27.215,7;               5,5;          27.221,1;
SENEGAL;2019;             942,8;               0,0;             942,8;
SERBIA E MONTENEGRO;2019;          14.936,9;              77,6;          15.014,6;
SEYCHELLES;2019;               0,0;               0,7;               0,7;
SINGAPORE;2019;           5.052,2;               0,0;           5.052,2;
SLOVACCHIA;2019;         116.177,6;               0,0;         116.177,6;
SLOVENIA;2019;         459.740,7;             168,0;         459.908,6;
SPAGNA;2019;          45.911,6;          21.126,8;          67.038,4;
SUD AFRICA;2019;             470,9;               0,0;             470,9;
SUDAN;2019;             130,0;               0,0;             130,0;
SVEZIA;2019;           5.130,6;               0,0;           5.130,6;
SVIZZERA;2019;       1.017.622,3;          11.366,5;       1.028.988,8;
TAIWAN;2019;             411,7;               0,0;             411,7;
TANZANIA;2019;              94,3;               2,0;              96,3;
THAILANDIA;2019;              97,5;               0,0;              97,5;
TOGO;2019;             213,2;               3,4;             216,6;
TRINIDAD E TOBAGO;2019;              19,5;               0,0;              19,5;
TUNISIA;2019;           6.352,0;             852,5;           7.204,5;
TURCHIA;2019;          10.888,2;               0,0;          10.888,2;
UCRAINA;2019;             996,8;               0,0;             996,8;
UNGHERIA;2019;         551.220,2;               0,0;         551.220,2;
URUGUAY;2019;             131,2;               0,0;             131,2;
USA;2019;          26.030,1;              12,0;          26.042,1;
VENEZUELA;2019;              24,8;               0,0;              24,8;
VIETNAM;2019;               2,0;               0,0;               2,0;
YEMEN;2019;             929,9;               0,0;             929,9;
ZAMBIA;2019;               1,5;               5,6;               7,1;
ZIMBABWE;2019;               9,2;               0,0;               9,2;
TOTALE;;       6.967.582,4;         105.550,6;       7.073.133,0;
		
Andamento delle importazioni di rifiuti speciali (ISPRA);
	Anno;Quantitativo (t)
2019;       7.073.133,0;
2018;       7.304.279,1;

