Quantitativi di rifiuti urbani (e di rifiuti dal trattamento dei rifiuti urbani) esportati per regione - 2021 (ISPRA);
	Regione;Anno;Rifiuti non pericolosi(t);Rifiuti pericolosi (t);Totale(t)
PIEMONTE;2021;          16.027;           1.696;          17.723;
LOMBARDIA;2021;          27.593;           1.612;          29.205;
TRENTINO ALTO ADIGE;2021;           5.987;             143;           6.130;
VENETO;2021;          47.566;             647;          48.214;
FRIULI VENEZIA GIULIA;2021;          49.146;              42;          49.187;
LIGURIA;2021;              24;               0;              24;
EMILIA ROMAGNA;2021;          30.230;              68;          30.298;
TOSCANA;2021;          11.910;              22;          11.933;
MARCHE;2021;           1.193;               0;           1.193;
LAZIO;2021;          98.178;             206;          98.384;
ABRUZZO;2021;          49.519;               0;          49.519;
MOLISE;2021;              20;               0;              20;
CAMPANIA;2021;         274.216;               0;         274.216;
PUGLIA;2021;           1.416;               0;           1.416;
BASILICATA;2021;              21;               0;              21;
CALABRIA;2021;          37.348;               0;          37.348;
SICILIA;2021;           1.076;               0;           1.076;
SARDEGNA;2021;           2.923;               0;           2.923;
Italia;2021;         654.394;           4.436;         658.830;

Quantitativi di rifiuti urbani (e di rifiuti dal trattamento dei rifiuti urbani) esportati per Paese di destinazione - 2021 (ISPRA);
	Paese;Anno;Rifiuti non pericolosi(t);Rifiuti pericolosi (t);Totale(t)
AFGHANISTAN;2021;           2.869,1;               0,0;           2.869,1;
ANGOLA;2021;              71,7;               0,0;              71,7;
AUSTRIA;2021;         134.069,9;             492,2;         134.562,1;
BELGIO;2021;           1.261,2;               0,0;           1.261,2;
BOSNIA-ERZEGOVINA;2021;             420,5;               0,0;             420,5;
BULGARIA;2021;          10.431,0;               0,0;          10.431,0;
CIPRO;2021;          44.662,3;               0,0;          44.662,3;
CROAZIA;2021;           5.224,7;               0,0;           5.224,7;
DANIMARCA;2021;          10.903,9;              19,8;          10.923,8;
FEDERAZIONE RUSSA;2021;             969,0;               0,0;             969,0;
FILIPPINE;2021;           1.559,0;               0,0;           1.559,0;
FINLANDIA;2021;               5,4;               0,0;               5,4;
FRANCIA;2021;           2.707,3;             149,7;           2.857,0;
GERMANIA;2021;          41.145,0;             827,9;          41.972,9;
GRECIA;2021;          30.771,4;               0,0;          30.771,4;
INDIA;2021;           8.421,1;               0,0;           8.421,1;
INDONESIA;2021;           9.522,7;               0,0;           9.522,7;
LETTONIA;2021;             925,7;               0,0;             925,7;
LITUANIA;2021;           1.173,4;               0,0;           1.173,4;
MALESIA;2021;           1.774,1;               0,0;           1.774,1;
PAESI BASSI;2021;          53.847,1;               0,0;          53.847,1;
PAKISTAN;2021;           2.004,3;               0,0;           2.004,3;
POLONIA;2021;           1.362,6;               0,0;           1.362,6;
PORTOGALLO;2021;          66.059,5;             219,4;          66.278,9;
REPUBBLICA CECA;2021;           2.151,2;               0,0;           2.151,2;
ROMANIA;2021;             832,9;               0,0;             832,9;
SERBIA E MONTENEGRO;2021;              35,3;               0,1;              35,4;
SLOVACCHIA;2021;          27.224,3;               0,0;          27.224,3;
SLOVENIA;2021;           9.745,5;               0,0;           9.745,5;
SPAGNA;2021;          61.894,6;           1.465,1;          63.359,7;
SVEZIA;2021;          19.305,5;               0,0;          19.305,5;
SVIZZERA;2021;           2.375,5;           1.261,6;           3.637,1;
THAILANDIA;2021;             453,2;               0,0;             453,2;
TUNISIA;2021;          28.599,2;               0,0;          28.599,2;
TURCHIA;2021;          13.171,8;               0,0;          13.171,8;
UNGHERIA;2021;          56.389,3;               0,0;          56.389,3;
USA;2021;              54,4;               0,0;              54,4;
TOTALE;;         654.394,4;           4.435,8;         658.830,1;
		
Andamento delle esportazioni di rifiuti urbani (e di rifiuti dal trattamento dei rifiuti urbani) - ISPRA;
	Anno;Quantitativo (t)
2021;         658.830,1;
2020;         581.259,9;
2019;         514.524,7;
2018;         464.516,7;

