sezione;col1;col2;col3;col4;col5
Nord;86.973.841;7.147.982;0;94.121.823;
Centro;26.854.390;1.228.577;0;28.082.967;
Sud;40.452.520;1.806.146;0;42.258.666;
Italia;154.280.751;10.182.705;0;164.463.456;
Produzione dei rifiuti speciali pericolosi e non pericolosi per attivita' economica - 2023 (ISPRA);;;;;
Descrizione attivita';Nord (t);Centro (t);Sud (t);Italia (t);
01 - Coltivazioni agricole e produzione di prodotti animali, caccia e servizi connessi;268.642;22.670;27.398;318.710;
02 - Silvicoltura ed utilizzo di aree forestali;2.170;950;3.508;6.628;
03 - Pesca e acquacoltura;188;388;1.221;1.797;
05 - Estrazione di carbone (esclusa torba);-;-;1.706;1.706;
06 - Estrazione di petrolio greggio e di gas naturale;39.788;12.897;721.102;773.787;
07 - Estrazione di minerali metalliferi;-;341;-;341;
08 - Altre attivita' di estrazione di minerali da cave e miniere;136.456;59.589;20.236;216.281;
09 - Attivita' dei servizi di supporto all'estrazione;149.447;269;1.528;151.244;
10, 11 - Industria alimentare e delle bevande;1.746.891;366.096;810.793;2.923.780;
12 - Industria del tabacco;14.015;1.225;997;16.237;
13 - Industria tessile;180.022;65.923;25.349;271.294;
14 - Confezioni articoli di abbigliamento. Confezione di articoli in pelle e pelliccia;48.467;28.281;19.153;95.901;
15 - Fabbricazione di articoli in pelle e simili;219.789;162.311;34.611;416.711;
16 - Industria del legno e dei prodotti in legno e sughero, di articoli in paglia e materiali da intreccio;1.295.800;75.415;79.148;1.450.363;
17 - Fabbricazione di carta e di prodotti in carta;947.181;431.032;165.178;1.543.391;
18 - Stampa e riproduzione di supporti registrati;240.641;55.213;33.516;329.370;
19 - Raffinerie petrolio, fabbricazione coke;301.070;44.030;122.935;468.035;
20 - Fabbricazione di prodotti chimici;1.172.135;250.088;272.427;1.694.650;
21 - Fabbricazione di prodotti farmaceutici di base e preparati;583.835;74.737;69.571;728.143;
22 - Industria gomma e materie plastiche;628.969;92.988;123.512;845.469;
23 - Industria minerali non metalliferi;2.031.093;343.509;207.621;2.582.223;
24 - Industria metallurgica;5.119.122;699.669;1.824.505;7.643.296;
25 - Fabbricazione di prodotti in metallo (escluse macchinari e attrezzature);2.873.997;357.397;422.584;3.653.978;
26 - Fabbricazione di computer e prodotti di elettronica e ottica. Apparecchi elettromedicali di misurazione e orologi;41.156;8.654;21.953;71.763;
27 - Fabbricazione di apparecchiature elettriche e per uso domestico non elettriche;202.622;33.281;25.273;261.176;
28 - Fabbricazione di macchinari e apparecchiature n.c.a.;889.287;87.297;44.688;1.021.272;
29 - Fabbricazione autoveicoli rimorchi e semirimorchi;342.292;40.496;120.636;503.424;
30 - Fabbricazione di altri mezzi di trasporto;67.400;38.258;36.393;142.051;
31 - Fabbricazione di mobili;478.289;160.724;29.545;668.558;
32 - Altre industrie manifatturiere;95.526;28.841;6.078;130.445;
33 - Riparazione, manutenzione e installazione macchine e apparecchiature;155.254;54.920;32.913;243.087;
35 - Fornitura di energia elettrica, gas, vapore e aria;475.364;399.167;947.734;1.822.265;
36 - Raccolta, trattamento e fornitura di acqua;830.184;112.073;374.556;1.316.813;
37 - Gestione delle reti fognarie;1.764.646;830.902;518.834;3.114.382;
38 - Attivita' di raccolta, trattamento e smaltimento dei rifiuti. Recupero dei materiali;20.223.757;7.154.776;10.575.201;37.953.734;
39 - Attivita' di risanamento e altri servizi di gestione dei rifiuti;401.561;96.424;258.649;756.634;
41, 42, 43 - Costruzioni;45.573.226;14.866.731;22.851.627;83.291.584;
45 - Commercio all'ingrosso e al dettaglio e riparazione di autoveicoli e motocicli;996.415;357.178;678.594;2.032.187;
46 - Commercio all'ingrosso (escluso quello di autoveicoli e di motocicli);2.262.229;313.201;235.374;2.810.804;
47 - Commercio al dettaglio (escluso quello di autoveicoli e di motocicli);98.733;26.768;48.501;174.002;
49 - Trasporto terrestre e trasporto mediante condotte;495.435;99.785;152.379;747.599;
50 - Trasporto marittimo e per vie d'acqua;17.731;157;4.203;22.091;
51 - Trasporto aereo;612;575;670;1.857;
52 - Magazzinaggio e attivita' di supporto ai trasporti;262.877;56.561;59.884;379.322;
53 - Servizi postali e attivita' di corriere;681;394;105;1.180;
55 - Alloggio;3.499;3.426;8.425;15.350;
56 - Attivita' dei servizi di ristorazione;17.248;7.931;3.383;28.562;
58 - Attivita' editoriali;7.860;4.941;1.254;14.055;
59 - Attivita' di produzione cinematografica, di video e di programmi televisivi, di registrazioni musicali e sonore;184;402;51;637;
60 - Attivita' di programmazione e trasmissione;1.084;946;488;2.518;
61 - Telecomunicazioni;2.860;1.210;2.093;6.163;
62 - Produzione di software, consulenza informatica e attivita' connesse;1.779;669;339;2.787;
63 - Attivita' dei servizi d'informazione e altri servizi informatici;1.060;908;245;2.213;
64 - Attivita' di servizi finanziari (escluse le assicurazioni e i fondi pensione);2.744;468;189;3.401;
65 - Assicurazioni, riassicurazioni e fondi pensione (escluse le assicurazioni sociali obbligatorie);375;117;6;498;
66 - Attivita' ausiliarie dei servizi finanziari e delle attivita' assicurative;36;38;-;74;
68 - Attivita' immobiliari;4.038;2.096;6.485;12.619;
69 - Attivita' legali e contabilita';99;298;129;526;
70 - Attivita' di direzione aziendale e di consulenza gestionale;4.508;1.549;7.725;13.782;
71 - Attivita' degli studi di architettura e d'ingegneria. Collaudi ed analisi tecniche;24.676;2.641;3.312;30.629;
72 - Ricerca scientifica e sviluppo;27.846;2.956;2.573;33.375;
73 - Pubblicita' e ricerche di mercato;2.769;969;298;4.036;
74 - Altre attivita' professionali, scientifiche e tecniche;12.148;1.187;2.930;16.265;
75 - Servizi veterinari;727;231;640;1.598;
77 - Attivita' di noleggio e leasing operativo;11.895;10.730;3.834;26.459;
78 - Attivita' di ricerca, selezione, fornitura di personale;132;1;8;141;
79 - Attivita' dei servizi delle agenzie di viaggio, dei tour operator e servizi di prenotazione e attivita' connesse;73;120;112;305;
80 - Servizi di vigilanza e investigazione;248;158;108;514;
81 - Attivita' di servizi per edifici e paesaggio;79.601;47.074;77.067;203.742;
82 - Attivita' di supporto per le funzioni d'ufficio e altri servizi di supporto alle imprese;62.768;12.117;26.653;101.538;
84 - Amministrazione pubblica e difesa. Assicurazione sociale obbligatoria;23.195;5.100;16.375;44.670;
85 - Istruzione;2.549;1.370;998;4.917;
86, 87, 88 - Sanita' e assistenza sociale;108.734;51.126;65.720;225.580;
90 - Attivita' creative, artistiche e di intrattenimento;2.078;1.569;1.245;4.892;
91 - Attivita' di biblioteche, archivi, musei ed altre attivita' culturali;642;145;37;824;
92 - Attivita' riguardanti le lotterie, le scommesse, le case da gioco;1.086;380;66;1.532;
93 - Attivita' sportive, di intrattenimento e di divertimento;5.881;1.118;1.054;8.053;
94 - Attivita' di organizzazioni associative;1.285;258;607;2.150;
95 - Riparazione di computer e di beni per uso personale e per la casa;4.289;713;241;5.243;
96 - Altre attivita' di servizi per la persona;24.289;4.899;10.027;39.215;
97 - Attivita' di famiglie e convivenze come datori di lavoro per personale domestico;26;-;-;26;
98 - Produzione di beni e servizi indifferenziati per uso proprio da parte di famiglie e convivenze;539;-;-;539;
99 - Organizzazioni ed organismi extraterritoriali;3;141;371;515;
ND - Attivita' ISTAT non determinata;1.975;784;1.189;3.948;
Totale;94.121.823;28.082.967;42.258.666;164.463.456;
Produzione dei rifiuti speciali non pericolosi per attivita' economica - 2023 (ISPRA);;;;;
Descrizione attivita';Nord (t);Centro (t);Sud (t);Italia (t);
01 - Coltivazioni agricole e produzione di prodotti animali, caccia e servizi connessi;264.776;22.069;26.551;313.396;
02 - Silvicoltura ed utilizzo di aree forestali;2.036;917;3.503;6.456;
03 - Pesca e acquacoltura;177;380;1.126;1.683;
05 - Estrazione di carbone (esclusa torba);-;-;1.698;1.698;
06 - Estrazione di petrolio greggio e di gas naturale;38.184;7.931;633.238;679.353;
07 - Estrazione di minerali metalliferi;-;341;-;341;
08 - Altre attivita' di estrazione di minerali da cave e miniere;135.664;59.350;17.958;212.972;
09 - Attivita' dei servizi di supporto all'estrazione;147.876;261;952;149.089;
10, 11 - Industria alimentare e delle bevande;1.728.510;364.528;808.263;2.901.301;
12 - Industria del tabacco;13.527;1.208;948;15.683;
13 - Industria tessile;166.636;61.825;25.192;253.653;
14 - Confezioni articoli di abbigliamento. Confezione di articoli in pelle e pelliccia;47.267;28.184;18.816;94.267;
15 - Fabbricazione di articoli in pelle e simili;215.674;159.000;34.030;408.704;
16 - Industria del legno e dei prodotti in legno e sughero, di articoli in paglia e materiali da intreccio;1.282.235;73.633;78.622;1.434.490;
17 - Fabbricazione di carta e di prodotti in carta;933.511;427.472;161.396;1.522.379;
18 - Stampa e riproduzione di supporti registrati;227.126;52.960;32.406;312.492;
19 - Raffinerie petrolio, fabbricazione coke;22.454;8.408;13.439;44.301;
20 - Fabbricazione di prodotti chimici;610.275;195.017;222.881;1.028.173;
21 - Fabbricazione di prodotti farmaceutici di base e preparati;141.924;41.098;28.452;211.474;
22 - Industria gomma e materie plastiche;551.695;86.216;115.766;753.677;
23 - Industria minerali non metalliferi;1.956.165;337.886;180.615;2.474.666;
24 - Industria metallurgica;4.454.919;590.061;1.749.756;6.794.736;
25 - Fabbricazione di prodotti in metallo (escluse macchinari e attrezzature);2.520.568;312.572;393.277;3.226.417;
26 - Fabbricazione di computer e prodotti di elettronica e ottica. Apparecchi elettromedicali di misurazione e orologi;30.474;7.260;16.446;54.180;
27 - Fabbricazione di apparecchiature elettriche e per uso domestico non elettriche;170.665;30.237;18.362;219.264;
28 - Fabbricazione di macchinari e apparecchiature n.c.a.;752.372;74.691;34.846;861.909;
29 - Fabbricazione autoveicoli rimorchi e semirimorchi;297.403;36.036;106.609;440.048;
30 - Fabbricazione di altri mezzi di trasporto;43.179;30.616;27.165;100.960;
31 - Fabbricazione di mobili;468.099;158.024;28.940;655.063;
32 - Altre industrie manifatturiere;52.558;22.685;4.699;79.942;
33 - Riparazione, manutenzione e installazione macchine e apparecchiature;75.738;47.150;23.204;146.092;
35 - Fornitura di energia elettrica, gas, vapore e aria;432.710;319.028;885.128;1.636.866;
36 - Raccolta, trattamento e fornitura di acqua;827.160;111.514;372.710;1.311.384;
37 - Gestione delle reti fognarie;1.693.901;809.634;475.214;2.978.749;
38 - Attivita' di raccolta, trattamento e smaltimento dei rifiuti. Recupero dei materiali;17.811.975;6.768.530;10.136.737;34.717.242;
39 - Attivita' di risanamento e altri servizi di gestione dei rifiuti;205.326;66.519;184.955;456.800;
41, 42, 43 - Costruzioni;44.990.437;14.832.991;22.778.778;82.602.206;
45 - Commercio all'ingrosso e al dettaglio e riparazione di autoveicoli e motocicli;393.521;132.178;199.778;725.477;
46 - Commercio all'ingrosso (escluso quello di autoveicoli e di motocicli);2.197.164;297.789;226.311;2.721.264;
47 - Commercio al dettaglio (escluso quello di autoveicoli e di motocicli);90.106;22.813;45.451;158.370;
49 - Trasporto terrestre e trasporto mediante condotte;437.299;95.667;133.512;666.478;
50 - Trasporto marittimo e per vie d'acqua;5.800;63;440;6.303;
51 - Trasporto aereo;538;553;655;1.746;
52 - Magazzinaggio e attivita' di supporto ai trasporti;237.391;48.528;47.644;333.563;
53 - Servizi postali e attivita' di corriere;643;378;102;1.123;
55 - Alloggio;3.199;3.287;8.306;14.792;
56 - Attivita' dei servizi di ristorazione;17.143;7.871;3.336;28.350;
58 - Attivita' editoriali;7.774;4.903;1.188;13.865;
59 - Attivita' di produzione cinematografica, di video e di programmi televisivi, di registrazioni musicali e sonore;168;372;48;588;
60 - Attivita' di programmazione e trasmissione;1.020;735;481;2.236;
61 - Telecomunicazioni;2.211;925;1.167;4.303;
62 - Produzione di software, consulenza informatica e attivita' connesse;1.633;602;286;2.521;
63 - Attivita' dei servizi d'informazione e altri servizi informatici;972;864;220;2.056;
64 - Attivita' di servizi finanziari (escluse le assicurazioni e i fondi pensione);2.466;384;145;2.995;
65 - Assicurazioni, riassicurazioni e fondi pensione (escluse le assicurazioni sociali obbligatorie);352;110;6;468;
66 - Attivita' ausiliarie dei servizi finanziari e delle attivita' assicurative;34;37;-;71;
68 - Attivita' immobiliari;3.189;1.958;6.391;11.538;
69 - Attivita' legali e contabilita';78;153;120;351;
70 - Attivita' di direzione aziendale e di consulenza gestionale;4.138;1.421;7.637;13.196;
71 - Attivita' degli studi di architettura e d'ingegneria. Collaudi ed analisi tecniche;19.059;1.721;1.898;22.678;
72 - Ricerca scientifica e sviluppo;21.916;2.090;2.253;26.259;
73 - Pubblicita' e ricerche di mercato;2.730;962;291;3.983;
74 - Altre attivita' professionali, scientifiche e tecniche;10.810;766;2.417;13.993;
75 - Servizi veterinari;153;57;292;502;
77 - Attivita' di noleggio e leasing operativo;9.551;8.883;3.251;21.685;
78 - Attivita' di ricerca, selezione, fornitura di personale;130;1;8;139;
79 - Attivita' dei servizi delle agenzie di viaggio, dei tour operator e servizi di prenotazione e attivita' connesse;61;119;111;291;
80 - Servizi di vigilanza e investigazione;195;134;99;428;
81 - Attivita' di servizi per edifici e paesaggio;71.448;38.613;61.382;171.443;
82 - Attivita' di supporto per le funzioni d'ufficio e altri servizi di supporto alle imprese;49.010;11.777;24.732;85.519;
84 - Amministrazione pubblica e difesa. Assicurazione sociale obbligatoria;18.217;4.202;9.065;31.484;
85 - Istruzione;1.172;860;405;2.437;
86, 87, 88 - Sanita' e assistenza sociale;16.809;7.692;6.817;31.318;
90 - Attivita' creative, artistiche e di intrattenimento;1.812;1.548;1.231;4.591;
91 - Attivita' di biblioteche, archivi, musei ed altre attivita' culturali;611;137;30;778;
92 - Attivita' riguardanti le lotterie, le scommesse, le case da gioco;851;44;23;918;
93 - Attivita' sportive, di intrattenimento e di divertimento;5.565;1.067;1.030;7.662;
94 - Attivita' di organizzazioni associative;1.033;184;579;1.796;
95 - Riparazione di computer e di beni per uso personale e per la casa;4.014;505;149;4.668;
96 - Altre attivita' di servizi per la persona;16.415;4.582;9.455;30.452;
97 - Attivita' di famiglie e convivenze come datori di lavoro per personale domestico;26;-;-;26;
98 - Produzione di beni e servizi indifferenziati per uso proprio da parte di famiglie e convivenze;521;-;-;521;
99 - Organizzazioni ed organismi extraterritoriali;1;111;273;385;
ND - Attivita' ISTAT non determinata;1.696;512;827;3.035;
Totale;86.973.841;26.854.390;40.452.520;154.280.751;
Produzione dei rifiuti speciali pericolosi per attivita' economica - 2023 (ISPRA);;;;;
Descrizione attivita';Nord (t);Centro (t);Sud (t);Italia (t);
01 - Coltivazioni agricole e produzione di prodotti animali, caccia e servizi connessi;3.866;601;847;5.314;
02 - Silvicoltura ed utilizzo di aree forestali;134;33;5;172;
03 - Pesca e acquacoltura;11;8;95;114;
05 - Estrazione di carbone (esclusa torba);-;-;8;8;
06 - Estrazione di petrolio greggio e di gas naturale;1.604;4.966;87.864;94.434;
07 - Estrazione di minerali metalliferi;-;-;-;0;
08 - Altre attivita' di estrazione di minerali da cave e miniere;792;239;2.278;3.309;
09 - Attivita' dei servizi di supporto all'estrazione;1.571;8;576;2.155;
10, 11 - Industria alimentare e delle bevande;18.381;1.568;2.530;22.479;
12 - Industria del tabacco;488;17;49;554;
13 - Industria tessile;13.386;4.098;157;17.641;
14 - Confezioni articoli di abbigliamento. Confezione di articoli in pelle e pelliccia;1.200;97;337;1.634;
15 - Fabbricazione di articoli in pelle e simili;4.115;3.311;581;8.007;
16 - Industria del legno e dei prodotti in legno e sughero, di articoli in paglia e materiali da intreccio;13.565;1.782;526;15.873;
17 - Fabbricazione di carta e di prodotti in carta;13.670;3.560;3.782;21.012;
18 - Stampa e riproduzione di supporti registrati;13.515;2.253;1.110;16.878;
19 - Raffinerie petrolio, fabbricazione coke;278.616;35.622;109.496;423.734;
20 - Fabbricazione di prodotti chimici;561.860;55.071;49.546;666.477;
21 - Fabbricazione di prodotti farmaceutici di base e preparati;441.911;33.639;41.119;516.669;
22 - Industria gomma e materie plastiche;77.274;6.772;7.746;91.792;
23 - Industria minerali non metalliferi;74.928;5.623;27.006;107.557;
24 - Industria metallurgica;664.203;109.608;74.749;848.560;
25 - Fabbricazione di prodotti in metallo (escluse macchinari e attrezzature);353.429;44.825;29.307;427.561;
26 - Fabbricazione di computer e prodotti di elettronica e ottica. Apparecchi elettromedicali di misurazione e orologi;10.682;1.394;5.507;17.583;
27 - Fabbricazione di apparecchiature elettriche e per uso domestico non elettriche;31.957;3.044;6.911;41.912;
28 - Fabbricazione di macchinari e apparecchiature n.c.a.;136.915;12.606;9.842;159.363;
29 - Fabbricazione autoveicoli rimorchi e semirimorchi;44.889;4.460;14.027;63.376;
30 - Fabbricazione di altri mezzi di trasporto;24.221;7.642;9.228;41.091;
31 - Fabbricazione di mobili;10.190;2.700;605;13.495;
32 - Altre industrie manifatturiere;42.968;6.156;1.379;50.503;
33 - Riparazione, manutenzione e installazione macchine e apparecchiature;79.516;7.770;9.709;96.995;
35 - Fornitura di energia elettrica, gas, vapore e aria;42.654;80.139;62.606;185.399;
36 - Raccolta, trattamento e fornitura di acqua;3.024;559;1.846;5.429;
37 - Gestione delle reti fognarie;70.745;21.268;43.620;135.633;
38 - Attivita' di raccolta, trattamento e smaltimento dei rifiuti. Recupero dei materiali;2.411.782;386.246;438.464;3.236.492;
39 - Attivita' di risanamento e altri servizi di gestione dei rifiuti;196.235;29.905;73.694;299.834;
41, 42, 43 - Costruzioni;582.789;33.740;72.849;689.378;
45 - Commercio all'ingrosso e al dettaglio e riparazione di autoveicoli e motocicli;602.894;225.000;478.816;1.306.710;
46 - Commercio all'ingrosso (escluso quello di autoveicoli e di motocicli);65.065;15.412;9.063;89.540;
47 - Commercio al dettaglio (escluso quello di autoveicoli e di motocicli);8.627;3.955;3.050;15.632;
49 - Trasporto terrestre e trasporto mediante condotte;58.136;4.118;18.867;81.121;
50 - Trasporto marittimo e per vie d'acqua;11.931;94;3.763;15.788;
51 - Trasporto aereo;74;22;15;111;
52 - Magazzinaggio e attivita' di supporto ai trasporti;25.486;8.033;12.240;45.759;
53 - Servizi postali e attivita' di corriere;38;16;3;57;
55 - Alloggio;300;139;119;558;
56 - Attivita' dei servizi di ristorazione;105;60;47;212;
58 - Attivita' editoriali;86;38;66;190;
59 - Attivita' di produzione cinematografica, di video e di programmi televisivi, di registrazioni musicali e sonore;16;30;3;49;
60 - Attivita' di programmazione e trasmissione;64;211;7;282;
61 - Telecomunicazioni;649;285;926;1.860;
62 - Produzione di software, consulenza informatica e attivita' connesse;146;67;53;266;
63 - Attivita' dei servizi d'informazione e altri servizi informatici;88;44;25;157;
64 - Attivita' di servizi finanziari (escluse le assicurazioni e i fondi pensione);278;84;44;406;
65 - Assicurazioni, riassicurazioni e fondi pensione (escluse le assicurazioni sociali obbligatorie);23;7;-;30;
66 - Attivita' ausiliarie dei servizi finanziari e delle attivita' assicurative;2;1;-;3;
68 - Attivita' immobiliari;849;138;94;1.081;
69 - Attivita' legali e contabilita';21;145;9;175;
70 - Attivita' di direzione aziendale e di consulenza gestionale;370;128;88;586;
71 - Attivita' degli studi di architettura e d'ingegneria. Collaudi ed analisi tecniche;5.617;920;1.414;7.951;
72 - Ricerca scientifica e sviluppo;5.930;866;320;7.116;
73 - Pubblicita' e ricerche di mercato;39;7;7;53;
74 - Altre attivita' professionali, scientifiche e tecniche;1.338;421;513;2.272;
75 - Servizi veterinari;574;174;348;1.096;
77 - Attivita' di noleggio e leasing operativo;2.344;1.847;583;4.774;
78 - Attivita' di ricerca, selezione, fornitura di personale;2;-;-;2;
79 - Attivita' dei servizi delle agenzie di viaggio, dei tour operator e servizi di prenotazione e attivita' connesse;12;1;1;14;
80 - Servizi di vigilanza e investigazione;53;24;9;86;
81 - Attivita' di servizi per edifici e paesaggio;8.153;8.461;15.685;32.299;
82 - Attivita' di supporto per le funzioni d'ufficio e altri servizi di supporto alle imprese;13.758;340;1.921;16.019;
84 - Amministrazione pubblica e difesa. Assicurazione sociale obbligatoria;4.978;898;7.310;13.186;
85 - Istruzione;1.377;510;593;2.480;
86, 87, 88 - Sanita' e assistenza sociale;91.925;43.434;58.903;194.262;
90 - Attivita' creative, artistiche e di intrattenimento;266;21;14;301;
91 - Attivita' di biblioteche, archivi, musei ed altre attivita' culturali;31;8;7;46;
92 - Attivita' riguardanti le lotterie, le scommesse, le case da gioco;235;336;43;614;
93 - Attivita' sportive, di intrattenimento e di divertimento;316;51;24;391;
94 - Attivita' di organizzazioni associative;252;74;28;354;
95 - Riparazione di computer e di beni per uso personale e per la casa;275;208;92;575;
96 - Altre attivita' di servizi per la persona;7.874;317;572;8.763;
97 - Attivita' di famiglie e convivenze come datori di lavoro per personale domestico;-;-;-;0;
98 - Produzione di beni e servizi indifferenziati per uso proprio da parte di famiglie e convivenze;18;-;-;18;
99 - Organizzazioni ed organismi extraterritoriali;2;30;98;130;
ND - Attivita' ISTAT non determinata;279;272;362;913;
Totale;7.147.982;1.228.577;1.806.146;10.182.705;
Produzione dei rifiuti speciali pericolosi e non pericolosi per Capitolo dell'Elenco Europeo dei Rifiuti - 2023 (ISPRA);;;;;
Capitolo dell'Elenco;Nord (t);Centro (t);Sud (t);Italia (t);
ND - Attivita' ISTAT non determinata;1.975;784;1.189;3.948;
01 - Rifiuti derivanti da prospezione, estrazione da miniera o cava, nonche' dal trattamento fisico o chimico di minerali;783.517;297.567;134.578;1.215.662;
02 - Rifiuti prodotti da agricoltura, orticoltura, acquacoltura, selvicoltura, caccia e pesca, trattamento e preparazione di alimenti;1.590.361;339.743;739.923;2.670.027;
03 - Rifiuti della lavorazione del legno e della produzione di pannelli, mobili, polpa, carta e cartone;1.408.568;508.952;130.031;2.047.551;
04 - Rifiuti della lavorazione di pelli e pellicce e dell'industria tessile;297.094;193.583;53.325;544.002;
05 - Rifiuti della raffinazione del petrolio, purificazione del gas naturale e trattamento pirolitico del carbone;22.253;11.220;50.995;84.468;
06 - Rifiuti dei processi chimici inorganici;281.639;128.859;67.479;477.977;
07 - Rifiuti dei processi chimici organici;1.303.900;128.415;111.880;1.544.195;
08 - Rifiuti della produzione, formulazione, fornitura ed uso (PFFU) di rivestimenti (pitture, vernici e smalti vetrati), adesivi, sigillanti e inchiostri per stampa;720.929;82.416;43.361;846.706;
09 - Rifiuti dell'industria fotografica;7.547;820;1.282;9.649;
10 - Rifiuti provenienti da processi termici;4.534.516;795.879;2.425.894;7.756.289;
11 - Rifiuti prodotti dal trattamento chimico superficiale e dal rivestimento di metalli ed altri materiali. Idrometallurgia non ferrosa;359.924;91.957;36.718;488.599;
12 - Rifiuti prodotti dalla lavorazione e dal trattamento fisico e meccanico superficiale di metalli e plastica;4.483.625;387.797;464.876;5.336.298;
13 - Oli esauriti e residui di combustibili liquidi (tranne oli commestibili, voci 05 e 12);711.807;132.035;194.849;1.038.691;
14 - Solventi organici, refrigeranti e propellenti di scarto (tranne le voci 07 e 08);37.570;6.012;3.189;46.771;
15 - Rifiuti di imballaggio. Assorbenti, stracci, materiali filtranti e indumenti protettivi non specificati altrimenti;2.975.383;653.291;666.328;4.295.002;
16 - Rifiuti non specificati altrimenti nell'elenco;3.345.132;1.192.135;2.643.995;7.181.262;
17 - Rifiuti delle attivita' di costruzione e demolizione (compreso il terreno proveniente da siti contaminati);45.264.438;14.638.472;22.627.776;82.530.686;
18 - Rifiuti prodotti dal settore sanitario e veterinario o da attivita' di ricerca collegate (tranne i rifiuti di cucina e di ristorazione che non derivino direttamente da cure sanitarie);117.779;55.710;72.651;246.140;
19 - Rifiuti prodotti da impianti di gestione dei rifiuti, impianti di trattamento delle acque reflue fuori sito, nonche' dalla potabilizzazione dell'acqua e dalla sua preparazione per uso industriale;24.822.750;8.089.322;11.317.081;44.229.153;
20 - Rifiuti urbani (rifiuti domestici e assimilabili prodotti da attivita' commerciali e industriali nonche' dalle istituzioni) inclusi i rifiuti della raccolta differenziata;1.051.116;347.998;471.266;1.870.380;
Totale;94.121.823;28.082.967;42.258.666;164.463.456;
Produzione dei rifiuti speciali non pericolosi per Capitolo dell'Elenco Europeo dei Rifiuti - 2023 (ISPRA);;;;;
Capitolo dell'Elenco;Nord (t);Centro (t);Sud (t);Italia (t);
ND - Attivita' ISTAT non determinata;1.696;512;827;3.035;
01 - Rifiuti derivanti da prospezione, estrazione da miniera o cava, nonche' dal trattamento fisico o chimico di minerali;782.693;297.127;129.608;1.209.428;
02 - Rifiuti prodotti da agricoltura, orticoltura, acquacoltura, selvicoltura, caccia e pesca, trattamento e preparazione di alimenti;1.590.003;339.718;739.915;2.669.636;
03 - Rifiuti della lavorazione del legno e della produzione di pannelli, mobili, polpa, carta e cartone;1.393.473;508.059;128.530;2.030.062;
04 - Rifiuti della lavorazione di pelli e pellicce e dell'industria tessile;296.800;193.451;53.304;543.555;
05 - Rifiuti della raffinazione del petrolio, purificazione del gas naturale e trattamento pirolitico del carbone;3.951;4.979;3.412;12.342;
06 - Rifiuti dei processi chimici inorganici;182.665;114.319;32.247;329.231;
07 - Rifiuti dei processi chimici organici;357.010;65.178;53.434;475.622;
08 - Rifiuti della produzione, formulazione, fornitura ed uso (PFFU) di rivestimenti (pitture, vernici e smalti vetrati), adesivi, sigillanti e inchiostri per stampa;649.421;72.142;31.056;752.619;
09 - Rifiuti dell'industria fotografica;538;90;157;785;
10 - Rifiuti provenienti da processi termici;4.089.087;767.280;2.356.101;7.212.468;
11 - Rifiuti prodotti dal trattamento chimico superficiale e dal rivestimento di metalli ed altri materiali. Idrometallurgia non ferrosa;111.663;46.557;12.144;170.364;
12 - Rifiuti prodotti dalla lavorazione e dal trattamento fisico e meccanico superficiale di metalli e plastica;4.040.829;369.366;441.952;4.852.147;
15 - Rifiuti di imballaggio. Assorbenti, stracci, materiali filtranti e indumenti protettivi non specificati altrimenti;2.809.986;616.758;638.474;4.065.218;
16 - Rifiuti non specificati altrimenti nell'elenco;2.337.370;875.643;2.011.969;5.224.982;
17 - Rifiuti delle attivita' di costruzione e demolizione (compreso il terreno proveniente da siti contaminati);44.452.614;14.537.458;22.433.103;81.423.175;
18 - Rifiuti prodotti dal settore sanitario e veterinario o da attivita' di ricerca collegate (tranne i rifiuti di cucina e di ristorazione che non derivino direttamente da cure sanitarie);16.264;9.264;3.220;28.748;
19 - Rifiuti prodotti da impianti di gestione dei rifiuti, impianti di trattamento delle acque reflue fuori sito, nonche' dalla potabilizzazione dell'acqua e dalla sua preparazione per uso industriale;22.822.206;7.690.994;10.916.011;41.429.211;
20 - Rifiuti urbani (rifiuti domestici e assimilabili prodotti da attivita' commerciali e industriali nonche' dalle istituzioni) inclusi i rifiuti della raccolta differenziata;1.035.572;345.495;467.056;1.848.123;
Totale;86.973.841;26.854.390;40.452.520;154.280.751;
Produzione dei rifiuti speciali pericolosi per Capitolo dell'Elenco Europeo dei Rifiuti - 2023 (ISPRA);;;;;
Capitolo dell'Elenco;Nord (t);Centro (t);Sud (t);Italia (t);
ND - Attivita' ISTAT non determinata;279;272;362;913;
01 - Rifiuti derivanti da prospezione, estrazione da miniera o cava, nonche' dal trattamento fisico o chimico di minerali;824;440;4.970;6.234;
02 - Rifiuti prodotti da agricoltura, orticoltura, acquacoltura, selvicoltura, caccia e pesca, trattamento e preparazione di alimenti;358;25;8;391;
03 - Rifiuti della lavorazione del legno e della produzione di pannelli, mobili, polpa, carta e cartone;15.095;893;1.501;17.489;
04 - Rifiuti della lavorazione di pelli e pellicce e dell'industria tessile;294;132;21;447;
05 - Rifiuti della raffinazione del petrolio, purificazione del gas naturale e trattamento pirolitico del carbone;18.302;6.241;47.583;72.126;
06 - Rifiuti dei processi chimici inorganici;98.974;14.540;35.232;148.746;
07 - Rifiuti dei processi chimici organici;946.890;63.237;58.446;1.068.573;
08 - Rifiuti della produzione, formulazione, fornitura ed uso (PFFU) di rivestimenti (pitture, vernici e smalti vetrati), adesivi, sigillanti e inchiostri per stampa;71.508;10.274;12.305;94.087;
09 - Rifiuti dell'industria fotografica;7.009;730;1.125;8.864;
10 - Rifiuti provenienti da processi termici;445.429;28.599;69.793;543.821;
11 - Rifiuti prodotti dal trattamento chimico superficiale e dal rivestimento di metalli ed altri materiali. Idrometallurgia non ferrosa;248.261;45.400;24.574;318.235;
12 - Rifiuti prodotti dalla lavorazione e dal trattamento fisico e meccanico superficiale di metalli e plastica;442.796;18.431;22.924;484.151;
13 - Oli esauriti e residui di combustibili liquidi (tranne oli commestibili, voci 05 e 12);711.807;132.035;194.849;1.038.691;
14 - Solventi organici, refrigeranti e propellenti di scarto (tranne le voci 07 e 08);37.570;6.012;3.189;46.771;
15 - Rifiuti di imballaggio. Assorbenti, stracci, materiali filtranti e indumenti protettivi non specificati altrimenti;165.397;36.533;27.854;229.784;
16 - Rifiuti non specificati altrimenti nell'elenco;1.007.762;316.492;632.026;1.956.280;
17 - Rifiuti delle attivita' di costruzione e demolizione (compreso il terreno proveniente da siti contaminati);811.824;101.014;194.673;1.107.511;
18 - Rifiuti prodotti dal settore sanitario e veterinario o da attivita' di ricerca collegate (tranne i rifiuti di cucina e di ristorazione che non derivino direttamente da cure sanitarie);101.515;46.446;69.431;217.392;
19 - Rifiuti prodotti da impianti di gestione dei rifiuti, impianti di trattamento delle acque reflue fuori sito, nonche' dalla potabilizzazione dell'acqua e dalla sua preparazione per uso industriale;2.000.544;398.328;401.070;2.799.942;
20 - Rifiuti urbani (rifiuti domestici e assimilabili prodotti da attivita' commerciali e industriali nonche' dalle istituzioni) inclusi i rifiuti della raccolta differenziata;15.544;2.503;4.210;22.257;
Totale;7.147.982;1.228.577;1.806.146;10.182.705;
